date,location,away,home,winner,assist_percentage,assists,block_percentage,blocks,defensive_rating,defensive_rebound_percentage,defensive_rebounds,effective_field_goal_percentage,field_goal_attempts,field_goal_percentage,field_goals,free_throw_attempt_rate,free_throw_attempts,free_throw_percentage,free_throws,losses,minutes_played,offensive_rating,offensive_rebound_percentage,offensive_rebounds,personal_fouls,points,steal_percentage,steals,three_point_attempt_rate,three_point_field_goal_attempts,three_point_field_goal_percentage,three_point_field_goals,total_rebound_percentage,total_rebounds,true_shooting_percentage,turnover_percentage,turnovers,two_point_field_goal_attempts,two_point_field_goal_percentage,two_point_field_goals,win_percentage,wins,assist_percentage_SMA,assist_percentage_CMA,assist_percentage_EMA,assists_SMA,assists_CMA,assists_EMA,block_percentage_SMA,block_percentage_CMA,block_percentage_EMA,blocks_SMA,blocks_CMA,blocks_EMA,defensive_rating_SMA,defensive_rating_CMA,defensive_rating_EMA,defensive_rebound_percentage_SMA,defensive_rebound_percentage_CMA,defensive_rebound_percentage_EMA,defensive_rebounds_SMA,defensive_rebounds_CMA,defensive_rebounds_EMA,effective_field_goal_percentage_SMA,effective_field_goal_percentage_CMA,effective_field_goal_percentage_EMA,field_goal_attempts_SMA,field_goal_attempts_CMA,field_goal_attempts_EMA,field_goal_percentage_SMA,field_goal_percentage_CMA,field_goal_percentage_EMA,field_goals_SMA,field_goals_CMA,field_goals_EMA,free_throw_attempt_rate_SMA,free_throw_attempt_rate_CMA,free_throw_attempt_rate_EMA,free_throw_attempts_SMA,free_throw_attempts_CMA,free_throw_attempts_EMA,free_throw_percentage_SMA,free_throw_percentage_CMA,free_throw_percentage_EMA,free_throws_SMA,free_throws_CMA,free_throws_EMA,losses_SMA,losses_CMA,losses_EMA,minutes_played_SMA,minutes_played_CMA,minutes_played_EMA,offensive_rating_SMA,offensive_rating_CMA,offensive_rating_EMA,offensive_rebound_percentage_SMA,offensive_rebound_percentage_CMA,offensive_rebound_percentage_EMA,offensive_rebounds_SMA,offensive_rebounds_CMA,offensive_rebounds_EMA,personal_fouls_SMA,personal_fouls_CMA,personal_fouls_EMA,points_SMA,points_CMA,points_EMA,steal_percentage_SMA,steal_percentage_CMA,steal_percentage_EMA,steals_SMA,steals_CMA,steals_EMA,three_point_attempt_rate_SMA,three_point_attempt_rate_CMA,three_point_attempt_rate_EMA,three_point_field_goal_attempts_SMA,three_point_field_goal_attempts_CMA,three_point_field_goal_attempts_EMA,three_point_field_goal_percentage_SMA,three_point_field_goal_percentage_CMA,three_point_field_goal_percentage_EMA,three_point_field_goals_SMA,three_point_field_goals_CMA,three_point_field_goals_EMA,total_rebound_percentage_SMA,total_rebound_percentage_CMA,total_rebound_percentage_EMA,total_rebounds_SMA,total_rebounds_CMA,total_rebounds_EMA,true_shooting_percentage_SMA,true_shooting_percentage_CMA,true_shooting_percentage_EMA,turnover_percentage_SMA,turnover_percentage_CMA,turnover_percentage_EMA,turnovers_SMA,turnovers_CMA,turnovers_EMA,two_point_field_goal_attempts_SMA,two_point_field_goal_attempts_CMA,two_point_field_goal_attempts_EMA,two_point_field_goal_percentage_SMA,two_point_field_goal_percentage_CMA,two_point_field_goal_percentage_EMA,two_point_field_goals_SMA,two_point_field_goals_CMA,two_point_field_goals_EMA,win_percentage_SMA,win_percentage_CMA,win_percentage_EMA,wins_SMA,wins_CMA,wins_EMA
2019-11-30,"Sojka Pavilion, Lewisburg, Pennsylvania",Princeton,Bucknell,Away,53.3,16,0.0,0,108.5,87.5,28,0.619,59,0.508,30,0.305,18,0.778,14,5,200,122.5,25.0,6,21,87,4.2,3,0.424,25,0.52,13,60.7,34,0.644,11.9,9,34,0.5,17,0.167,1,43.14,43.14,44.68024691358025,10.6,10.6,11.0,5.779999999999999,5.779999999999999,5.776543209876544,2.2,2.2,2.1851851851851856,116.35999999999999,116.35999999999999,114.66543209876544,76.1,76.1,79.3283950617284,20.8,20.8,21.444444444444446,0.49260000000000004,0.49260000000000004,0.4971728395061729,57.4,57.4,56.80246913580248,0.43200000000000005,0.43200000000000005,0.4366913580246914,24.8,24.8,24.827160493827165,0.24180000000000001,0.24180000000000001,0.22153086419753093,13.8,13.8,12.506172839506176,0.5688,0.5688,0.5511358024691358,8.0,8.0,7.061728395061728,3.0,3.0,3.3950617283950617,200.0,200.0,200.0,95.52000000000001,95.52000000000001,94.68024691358025,25.740000000000002,25.740000000000002,25.151851851851855,8.2,8.2,7.814814814814816,14.8,14.8,15.049382716049385,64.6,64.6,63.64197530864199,7.4,7.4,6.72962962962963,5.0,5.0,4.530864197530864,0.42679999999999996,0.42679999999999996,0.44353086419753096,24.4,24.4,25.086419753086425,0.29480000000000006,0.29480000000000006,0.2811234567901235,7.0,7.0,6.925925925925927,49.14,49.14,50.60617283950618,29.0,29.0,29.259259259259263,0.5048,0.5048,0.5068395061728396,16.6,16.6,17.028395061728396,12.6,12.6,12.77777777777778,33.0,33.0,31.71604938271605,0.5438,0.5438,0.5671481481481482,17.8,17.8,17.901234567901238,0.0,0.0,0.0,0.0,0.0,0.0
2019-12-04,"Daskalakis Athletic Center, Philadelphia, Pennsylvania",Princeton,Drexel,Home,46.2,12,0.0,0,110.8,79.2,19,0.469,64,0.406,26,0.328,21,0.762,16,6,200,102.7,25.0,9,18,76,10.8,8,0.453,29,0.276,8,46.7,28,0.514,12.0,10,35,0.514,18,0.143,1,45.660000000000004,44.833333333333336,47.553497942386834,11.6,11.5,12.666666666666668,5.779999999999999,4.816666666666666,3.851028806584363,2.2,1.8333333333333333,1.4567901234567906,110.82000000000001,115.05,112.61028806584363,78.82000000000001,78.0,82.0522633744856,23.0,22.0,23.629629629629633,0.5094,0.5136666666666666,0.5377818930041153,57.8,57.666666666666664,57.53497942386832,0.43879999999999997,0.4446666666666667,0.4604609053497943,25.4,25.666666666666668,26.551440329218114,0.2536,0.25233333333333335,0.24935390946502062,14.6,14.5,14.337448559670785,0.6386000000000001,0.6036666666666667,0.6267572016460905,9.6,9.0,9.374485596707817,3.8,3.3333333333333335,3.9300411522633745,200.0,200.0,200.0,100.6,100.01666666666667,103.95349794238683,23.0,25.61666666666667,25.101234567901237,7.0,7.833333333333333,7.2098765432098775,16.2,15.833333333333334,17.03292181069959,68.6,68.33333333333333,71.42798353909467,7.960000000000001,6.866666666666667,5.88641975308642,5.4,4.666666666666667,4.020576131687243,0.43439999999999995,0.4263333333333333,0.4370205761316873,25.0,24.5,25.057613168724284,0.33520000000000005,0.33233333333333337,0.3607489711934157,8.2,8.0,8.950617283950619,50.540000000000006,51.06666666666666,53.97078189300412,30.0,29.833333333333332,30.83950617283951,0.5284,0.528,0.5525596707818932,14.739999999999998,15.816666666666665,15.318930041152266,11.0,12.0,11.51851851851852,32.8,33.166666666666664,32.477366255144034,0.5296,0.5365,0.5447654320987655,17.2,17.666666666666668,17.600823045267493,0.0334,0.027833333333333335,0.05566666666666667,0.2,0.16666666666666666,0.3333333333333333
2019-12-10,"Jadwin Gymnasium, Princeton, New Jersey",Monmouth,Princeton,Away,54.5,12,21.1,8,93.1,82.1,23,0.436,55,0.4,22,0.455,25,0.72,18,7,200,91.7,32.4,12,18,66,15.3,11,0.455,25,0.16,4,53.8,35,0.493,19.5,16,30,0.6,18,0.125,1,46.44,45.028571428571425,47.102331961591226,11.8,11.571428571428571,12.444444444444446,4.4399999999999995,4.128571428571428,2.567352537722909,1.6,1.5714285714285714,0.9711934156378605,109.55999999999999,114.44285714285715,112.00685871056243,82.86,78.17142857142858,81.10150891632375,22.2,21.571428571428573,22.086419753086425,0.5014000000000001,0.5072857142857143,0.5148545953360768,59.0,58.57142857142857,59.689986282578886,0.4304,0.4391428571428571,0.44230727023319627,25.4,25.714285714285715,26.36762688614541,0.2468,0.2631428571428572,0.27556927297668043,14.6,15.428571428571429,16.558299039780522,0.6672,0.6262857142857143,0.671838134430727,10.2,10.0,11.582990397805212,4.6,3.7142857142857144,4.62002743484225,200.0,200.0,200.0,100.56,100.39999999999999,103.53566529492457,23.14,25.528571428571432,25.067489711934158,7.0,8.0,7.806584362139919,16.6,16.142857142857142,17.35528120713306,69.4,69.42857142857143,72.95198902606312,8.4,7.428571428571429,7.5242798353909475,5.8,5.142857142857143,5.347050754458162,0.46299999999999997,0.43014285714285716,0.44234705075445824,27.2,25.142857142857142,26.371742112482856,0.31260000000000004,0.3242857142857143,0.33249931412894385,8.4,8.0,8.63374485596708,51.46,50.44285714285714,51.547187928669416,29.2,29.571428571428573,29.89300411522634,0.5252000000000001,0.526,0.5397064471879288,14.319999999999999,15.27142857142857,14.212620027434845,10.8,11.714285714285714,11.012345679012348,31.8,33.42857142857143,33.31824417009602,0.5374000000000001,0.5332857142857143,0.5345102880658437,17.0,17.714285714285715,17.73388203017833,0.062,0.04428571428571428,0.08477777777777779,0.4,0.2857142857142857,0.5555555555555556
2019-12-14,"Rothman Center, Teaneck, New Jersey",Princeton,Fairleigh Dickinson,Away,61.5,16,6.3,2,100.0,79.4,27,0.606,52,0.5,26,0.442,23,0.739,17,7,200,123.1,45.8,11,19,80,3.1,2,0.462,24,0.458,11,65.5,38,0.636,19.5,15,28,0.536,15,0.222,2,50.94,46.2125,49.568221307727484,12.6,11.625,12.2962962962963,6.720000000000001,6.25,8.744901691815272,2.6,2.375,3.3141289437585737,106.35999999999999,111.77499999999999,105.7045724737083,82.76,78.6625,81.43433927754917,23.0,21.75,22.390946502057616,0.49800000000000005,0.498375,0.4885697302240512,57.2,58.125,58.12665752171927,0.43220000000000003,0.43425,0.4282048468221309,24.8,25.25,24.911751257430275,0.3002,0.287125,0.335379515317787,17.2,16.625,19.37219935985368,0.6946,0.638,0.6878920896204848,12.4,11.0,13.721993598536809,5.4,4.125,5.413351623228166,200.0,200.0,200.0,99.2,99.3125,99.59044352994972,24.0,26.387500000000003,27.511659807956107,7.6,8.5,9.204389574759947,17.6,16.375,17.57018747142204,69.6,69.0,70.63465935070874,9.040000000000001,8.4125,10.1161865569273,6.4,5.875,7.231367169638775,0.46340000000000003,0.43325,0.4465647005029722,26.4,25.125,25.91449474165524,0.2894,0.30375,0.2749995427526293,7.6,7.5,7.0891632373113875,52.040000000000006,50.8625,52.29812528577961,30.6,30.25,31.59533607681756,0.5306,0.521875,0.5241376314586192,15.919999999999998,15.8,15.975080018289898,12.2,12.25,12.674897119341566,30.8,33.0,32.21216278006402,0.5602,0.541625,0.5563401920438958,17.2,17.75,17.822588020118886,0.087,0.054375,0.0981851851851852,0.6,0.375,0.7037037037037037
2019-12-17,"Barclays Center, Brooklyn, New York",Princeton,Iona,Away,85.7,24,0.0,0,108.9,81.8,18,0.644,52,0.538,28,0.5,26,0.885,23,7,225,113.9,13.0,3,22,90,11.4,9,0.538,28,0.393,11,46.7,21,0.699,20.1,16,24,0.708,17,0.3,3,52.720000000000006,47.91111111111111,53.54548087181833,13.8,12.11111111111111,13.530864197530867,7.1,6.2555555555555555,7.929934461210181,2.6,2.3333333333333335,2.876085962505716,102.78,110.46666666666665,103.80304831580554,83.64,78.74444444444445,80.75622618503279,24.8,22.333333333333332,23.927297668038413,0.533,0.5103333333333333,0.5277131534827009,57.4,57.44444444444444,56.08443834781285,0.45760000000000006,0.4415555555555556,0.45213656454808726,26.2,25.333333333333332,25.274500838286855,0.3376,0.30433333333333334,0.3709196768785247,19.2,17.333333333333332,20.581466239902454,0.6886,0.6492222222222223,0.7049280597469899,13.8,11.666666666666666,14.81466239902454,6.0,4.444444444444445,5.942234415485444,200.0,200.0,200.0,107.7,101.95555555555556,107.42696235329983,30.3,28.54444444444444,33.60777320530407,9.0,8.777777777777779,9.802926383173299,18.6,16.666666666666668,18.046791647614697,74.8,70.22222222222223,73.75643956713917,7.58,7.822222222222223,7.7774577046182,5.4,5.444444444444445,5.487578113092518,0.45,0.4364444444444444,0.4517098003353148,25.8,25.0,25.276329827770162,0.3366,0.3208888888888889,0.33599969516841954,8.6,7.888888888888889,8.392775491540926,56.67999999999999,52.48888888888889,56.698750190519746,33.8,31.11111111111111,33.73022405121171,0.5634,0.5345555555555556,0.5614250876390795,15.64,16.211111111111112,17.1500533455266,12.2,12.555555555555555,13.449931412894378,31.6,32.44444444444444,30.80810852004268,0.5589999999999999,0.5409999999999999,0.5495601280292639,17.6,17.444444444444443,16.881725346745924,0.13140000000000002,0.07300000000000001,0.1394567901234568,1.0,0.5555555555555556,1.1358024691358026
2019-12-19,"Jadwin Gymnasium, Princeton, New Jersey",Hofstra,Princeton,Away,53.8,14,0.0,0,117.6,61.8,21,0.476,62,0.419,26,0.29,18,0.722,13,8,200,97.3,29.0,9,22,72,8.1,6,0.339,21,0.333,7,46.2,30,0.51,17.7,15,41,0.463,19,0.273,3,60.239999999999995,51.69,64.26365391454556,16.0,13.3,17.020576131687246,5.48,5.63,5.286622974140122,2.0,2.1,1.9173906416704773,104.26000000000002,110.30999999999999,105.50203221053704,82.0,79.05,81.10415079002186,23.0,21.9,21.951531778692278,0.5548,0.5237,0.566475435655134,56.4,56.9,54.722958898541904,0.47040000000000004,0.45120000000000005,0.4807577096987249,26.4,25.6,26.183000558857906,0.406,0.32389999999999997,0.4139464512523498,22.6,18.2,22.387644159934972,0.7768,0.6728,0.7649520398313266,17.6,12.8,17.54310826601636,6.4,4.7,6.294822943656963,205.0,202.5,208.33333333333334,110.78,103.15,109.58464156886656,28.24,26.99,26.738515470202714,8.2,8.2,7.535284255448866,19.6,17.2,19.364527765076467,79.8,72.2,79.17095971142612,8.959999999999999,8.18,8.9849718030788,6.6,5.8,6.658385408728345,0.4664,0.4466,0.4804732002235433,26.2,25.3,26.18421988518011,0.36140000000000005,0.3281,0.3549997967789464,9.4,8.2,9.261850327693951,54.68000000000001,51.910000000000004,53.36583346034651,31.2,30.1,29.48681603414114,0.5972,0.5509999999999999,0.6072833917593863,16.6,16.6,18.133368897017736,13.2,12.9,14.29995427526292,30.2,31.6,28.538739013361788,0.5716,0.5577,0.602373418686176,17.0,17.4,16.92115023116395,0.1914,0.0957,0.19297119341563787,1.6,0.8,1.757201646090535
2019-12-29,"Jadwin Gymnasium, Princeton, New Jersey",Lehigh,Princeton,Home,57.7,15,10.8,4,91.2,75.0,18,0.554,56,0.464,26,0.214,12,0.75,9,8,200,104.4,25.0,7,18,71,14.7,10,0.482,27,0.37,10,48.1,25,0.575,16.4,12,29,0.552,16,0.333,4,60.339999999999996,51.88181818181818,60.775769276363704,15.6,13.363636363636363,16.01371742112483,5.48,5.118181818181818,3.524415316093415,2.0,1.9090909090909092,1.2782604277803185,106.08,110.97272727272728,109.53468814035804,76.86,77.48181818181818,74.66943386001458,21.6,21.818181818181817,21.634354519128188,0.5262,0.5193636363636364,0.5363169571034228,57.0,57.36363636363637,57.148639265694605,0.4526,0.44827272727272727,0.4601718064658166,25.6,25.636363636363637,26.12200037257194,0.4029999999999999,0.32081818181818184,0.37263096750156655,22.6,18.181818181818183,20.925096106623315,0.7656,0.6772727272727272,0.7506346932208845,17.4,12.818181818181818,16.02873884401091,7.0,5.0,6.86321529577131,205.0,202.27272727272728,205.55555555555557,105.73999999999998,102.61818181818181,105.48976104591105,29.04,27.172727272727272,27.492343646801814,8.8,8.272727272727273,8.023522836965912,19.8,17.636363636363637,20.24301851005098,76.8,72.18181818181819,76.78063980761742,9.739999999999998,8.172727272727274,8.689981202052534,7.2,5.818181818181818,6.438923605818897,0.4494000000000001,0.4368181818181819,0.43331546681569555,25.4,24.90909090909091,24.456146590120074,0.32399999999999995,0.3285454545454546,0.3476665311859643,8.2,8.090909090909092,8.507900218462634,51.779999999999994,51.39090909090908,50.97722230689767,30.4,30.09090909090909,29.657877356094094,0.5704,0.5472727272727272,0.5748555945062576,17.759999999999998,16.7,17.988912598011826,14.4,13.090909090909092,14.53330285017528,31.6,32.45454545454545,32.69249267557453,0.5642,0.5490909090909091,0.5559156124574507,17.4,17.545454545454547,17.614100154109302,0.21259999999999998,0.11181818181818182,0.21964746227709192,2.0,1.0,2.171467764060357
2020-01-04,"The Palestra, Philadelphia, Pennsylvania",Princeton,Penn,Away,24.1,7,0.0,0,88.9,75.6,34,0.556,54,0.537,29,0.426,23,0.783,18,8,200,108.3,19.2,5,15,78,5.6,4,0.204,11,0.182,2,54.9,39,0.601,15.8,12,43,0.628,27,0.385,5,62.64000000000001,52.36666666666667,59.75051285090914,16.2,13.5,15.675811614083221,7.640000000000001,5.591666666666666,5.9496102107289435,2.8,2.0833333333333335,2.1855069518535455,102.16,109.325,103.42312542690536,76.02000000000001,77.27499999999999,74.77962257334306,21.4,21.5,20.422903012752126,0.5431999999999999,0.52225,0.5422113047356152,55.4,57.25,56.76575951046307,0.46419999999999995,0.4495833333333333,0.4614478709772111,25.6,25.666666666666668,26.08133358171463,0.3802,0.3119166666666667,0.3197539783343777,20.8,17.666666666666668,17.95006407108221,0.7632,0.6833333333333332,0.750423128813923,16.0,12.5,13.685825896007275,7.4,5.25,7.242143530514207,205.0,202.08333333333334,203.70370370370372,106.08,102.76666666666667,105.1265073639407,29.04,26.991666666666664,26.66156243120121,8.4,8.166666666666666,7.682348557977274,19.8,17.666666666666668,19.49534567336732,75.8,72.08333333333333,74.85375987174496,10.52,8.716666666666667,10.693320801368356,7.6,6.166666666666667,7.625949070545932,0.45520000000000005,0.4405833333333333,0.449543644543797,25.0,25.083333333333332,25.30409772674672,0.3428,0.332,0.3551110207906429,8.6,8.25,9.005266812308424,52.06,51.11666666666667,50.018148204598454,29.8,29.666666666666668,28.105251570729397,0.5826,0.5495833333333333,0.5749037296708384,18.64,16.675,17.459275065341217,14.8,13.0,13.68886856678352,30.4,32.166666666666664,31.46166178371635,0.5718,0.5493333333333333,0.5546104083049672,17.0,17.416666666666668,17.076066769406204,0.2506,0.13025,0.2574316415180613,2.6,1.25,2.7809785093735715
2020-01-10,"Jadwin Gymnasium, Princeton, New Jersey",Penn,Princeton,Home,54.2,13,12.1,4,89.2,80.0,24,0.518,57,0.421,24,0.158,9,0.444,4,8,200,96.9,27.3,9,13,63,10.8,7,0.456,26,0.423,11,52.4,33,0.514,18.7,14,31,0.419,13,0.429,6,56.56,50.19230769230769,47.86700856727276,15.2,13.0,12.783874409388815,3.4200000000000004,5.161538461538461,3.9664068071526293,1.2,1.9230769230769231,1.4570046345690304,101.32000000000001,107.75384615384615,98.58208361793692,74.72,77.14615384615385,75.05308171556204,23.6,22.46153846153846,24.948602008501418,0.5671999999999999,0.5248461538461539,0.5468075364904101,55.2,57.0,55.84383967364205,0.49160000000000004,0.45630769230769236,0.48663191398480743,27.0,25.923076923076923,27.05422238780976,0.37439999999999996,0.3206923076923077,0.35516931888958514,20.4,18.076923076923077,19.63337604738814,0.7758,0.6910000000000001,0.7612820858759488,16.0,12.923076923076923,15.123883930671518,7.6,5.461538461538462,7.494762353676139,205.0,201.92307692307693,202.46913580246917,109.4,103.1923076923077,106.18433824262713,26.4,26.392307692307693,24.17437495413414,7.0,7.923076923076923,6.788232371984851,19.2,17.46153846153846,17.996897115578214,78.2,72.53846153846153,75.90250658116331,8.579999999999998,8.476923076923077,8.995547200912238,6.2,6.0,6.417299380363955,0.40499999999999997,0.4223846153846154,0.36769576302919804,22.2,24.0,20.536065151164483,0.3472,0.32046153846153846,0.29740734719376194,8.2,7.769230769230769,6.670177874872284,52.279999999999994,51.4076923076923,51.64543213639897,30.6,30.384615384615383,31.73683438048627,0.6042,0.5535384615384615,0.5836024864472256,17.9,16.607692307692307,16.906183376894145,14.0,12.923076923076923,13.125912377855682,33.0,33.0,35.30777452247757,0.5774000000000001,0.5553846153846154,0.5790736055366448,18.8,18.153846153846153,20.38404451293747,0.3026,0.14984615384615385,0.29995442767870756,3.4,1.5384615384615385,3.520652339582381
2020-01-26,"Jadwin Gymnasium, Princeton, New Jersey","Rutgers-Camden
			",Princeton,Home,55.9,19,10.3,4,59.4,85.7,30,0.691,55,0.618,34,0.273,15,0.733,11,8,200,126.1,52.2,12,12,87,11.6,8,0.364,20,0.4,8,72.4,42,0.7,24.5,20,35,0.743,26,0.467,7,55.1,50.478571428571435,49.97800571151518,14.6,13.0,12.855916272925878,4.58,5.6571428571428575,6.677604538101753,1.6,2.0714285714285716,2.3046697563793535,99.16,106.42857142857143,95.45472241195796,74.84,77.35000000000001,76.70205447704137,23.0,22.571428571428573,24.632401339000946,0.5496000000000001,0.5243571428571429,0.5372050243269402,56.2,57.0,56.2292264490947,0.4758,0.4537857142857143,0.46475460932320495,26.6,25.785714285714285,26.036148258539843,0.3176,0.30907142857142855,0.2894462125930568,17.6,17.428571428571427,16.08891736492543,0.7168,0.6733571428571429,0.655521390583966,13.4,12.285714285714286,11.415922620447681,7.8,5.642857142857143,7.663174902450759,205.0,201.78571428571428,201.64609053497946,104.16,102.74285714285715,103.08955882841809,22.7,26.457142857142856,25.216249969422762,6.6,8.0,7.525488247989901,18.0,17.142857142857142,16.331264743718812,74.8,71.85714285714286,71.60167105410888,10.120000000000001,8.642857142857142,9.597031467274826,7.2,6.071428571428571,6.611532920242637,0.40380000000000005,0.42478571428571427,0.3971305086861321,22.6,24.142857142857142,22.35737676744299,0.3402,0.3277857142857143,0.3392715647958413,8.2,8.0,8.113451916581523,49.660000000000004,51.478571428571435,51.89695475759932,29.6,30.571428571428573,32.15788958699085,0.5798,0.5507142857142857,0.5604016576314838,17.740000000000002,16.757142857142856,17.504122251262764,13.8,13.0,13.417274918570456,33.6,32.857142857142854,33.87184968165172,0.554,0.5456428571428572,0.5257157370244299,18.4,17.785714285714285,17.922696341958314,0.344,0.16978571428571426,0.3429696184524717,4.2,1.8571428571428572,4.347101559721588
2020-01-31,"Jadwin Gymnasium, Princeton, New Jersey",Dartmouth,Princeton,Home,46.4,13,7.5,3,72.1,89.3,25,0.594,53,0.528,28,0.113,6,0.5,3,8,200,108.2,11.5,3,12,66,11.5,7,0.34,18,0.389,7,51.9,28,0.591,12.6,8,35,0.6,21,0.5,8,49.14,50.84,51.95200380767679,13.6,13.4,14.903944181950585,6.640000000000001,5.966666666666667,7.8850696920678365,2.4,2.2,2.869779837586236,89.26,103.29333333333334,83.43648160797198,75.62,77.90666666666667,79.70136965136092,25.4,23.066666666666666,26.4216008926673,0.5589999999999999,0.5354666666666666,0.5884700162179601,56.8,56.86666666666667,55.81948429939648,0.4918,0.46473333333333333,0.51583640621547,27.8,26.333333333333332,28.69076550569323,0.2722,0.30666666666666664,0.28396414172870454,15.4,17.266666666666666,15.725944909950288,0.6864,0.6773333333333333,0.681347593722644,11.0,12.2,11.277281746965121,8.0,5.8,7.775449934967174,200.0,201.66666666666666,201.09739368998632,106.6,104.3,110.75970588561206,30.54,28.173333333333336,34.21083331294851,8.4,8.266666666666667,9.016992165326602,16.0,16.8,14.887509829145875,74.2,72.86666666666666,76.73444736940593,10.16,8.84,10.264687644849884,7.0,6.2,7.074355280161759,0.369,0.42073333333333335,0.3860870057907547,21.0,23.866666666666667,21.57158451162866,0.3416,0.3326,0.3595143765305609,7.6,8.0,8.07563461105435,54.8,52.873333333333335,58.73130317173288,33.8,31.333333333333332,35.4385930579939,0.58,0.5606666666666666,0.6069344384209892,18.619999999999997,17.273333333333333,19.836081500841843,14.6,13.466666666666667,15.611516612380305,35.8,33.0,34.247899787767814,0.561,0.5588,0.5981438246829532,20.2,18.333333333333332,20.615130894638877,0.3774,0.1896,0.3843130789683145,5.0,2.2,5.231401039814392
2020-02-01,"Jadwin Gymnasium, Princeton, New Jersey",Harvard,Princeton,Home,56.0,14,9.1,3,107.8,83.3,20,0.594,53,0.472,25,0.264,14,0.5,7,8,200,109.4,18.8,6,12,70,9.4,6,0.434,23,0.565,13,46.4,26,0.587,13.2,9,30,0.4,12,0.529,9,47.66,50.5625,50.10133587178453,13.4,13.375,14.269296121300393,8.14,6.0625,7.756713128045225,3.0,2.25,2.913186558390824,80.16,101.34375,79.65765440531466,81.11999999999999,78.61875,82.90091310090727,26.2,23.1875,25.94773392844487,0.5826,0.539125,0.5903133441453068,55.0,56.625,54.879656199597655,0.5136000000000001,0.46868750000000003,0.51989093747698,28.2,26.4375,28.46051033712882,0.23679999999999998,0.2945625,0.22697609448580303,13.0,16.5625,12.483963273300192,0.642,0.66625,0.620898395815096,9.0,11.625,8.518187831310081,8.0,5.9375,7.850299956644783,200.0,201.5625,200.73159579332423,108.78,104.54375,109.90647059040805,27.04,27.13125,26.640555541965675,7.2,7.9375,7.011328110217735,14.0,16.5,13.925006552763918,73.0,72.4375,73.15629824627062,10.84,9.00625,10.676458429899924,7.2,6.25,7.049570186774506,0.36920000000000003,0.4156875,0.37072467052716984,20.4,23.5,20.381056341085774,0.3528,0.336125,0.36934291768704064,7.6,7.9375,7.7170897407028995,55.94,52.8125,56.45420211448859,33.4,31.125,32.9590620386626,0.5962,0.5625625,0.6016229589473261,17.6,16.98125,17.42405433389456,13.2,13.125,13.074344408253538,34.6,33.125,34.49859985851188,0.5884,0.561375,0.5987625497886355,20.6,18.5,20.74342059642592,0.42279999999999995,0.20900000000000002,0.4228753859788764,6.0,2.5625,6.154267359876261
2020-02-08,"Newman Arena, Ithaca, New York",Princeton,Cornell,Home,40.9,9,0.0,0,105.8,81.5,22,0.5,51,0.431,22,0.333,17,0.647,11,9,200,89.9,18.8,6,18,62,10.1,7,0.451,23,0.304,7,47.5,28,0.525,21.5,16,28,0.536,15,0.5,9,47.32,50.88235294117647,52.06755724785636,13.2,13.411764705882353,14.179530747533596,7.8,6.241176470588235,8.204475418696816,2.8,2.2941176470588234,2.9421243722605492,83.47999999999999,101.7235294117647,89.03843627020977,82.78,78.89411764705882,83.03394206727152,26.6,23.0,23.965155952296584,0.5906,0.5423529411764706,0.5915422294302045,54.4,56.411764705882355,54.25310413306511,0.5152,0.4688823529411765,0.50392729165132,28.0,26.352941176470587,27.307006891419213,0.2468,0.292764705882353,0.2393173963238687,13.4,16.41176470588235,12.989308848866795,0.592,0.6564705882352941,0.5805989305433974,8.6,11.352941176470589,8.012125220873388,8.0,6.0588235294117645,7.900199971096523,200.0,201.47058823529412,200.48773052888282,109.78,104.82941176470588,109.73764706027204,25.8,26.64117647058824,24.02703702797712,7.0,7.823529411764706,6.674218740145157,12.8,16.235294117647058,13.283337701842614,72.8,72.29411764705883,72.10419883084708,9.78,9.029411764705882,10.25097228659995,6.4,6.235294117647059,6.699713457849671,0.35960000000000003,0.4167647058823529,0.39181644701811325,19.6,23.470588235294116,21.25403756072385,0.3918,0.34958823529411764,0.43456194512469376,8.2,8.235294117647058,9.478059827135267,55.6,52.43529411764706,53.102801409659065,33.6,30.823529411764707,30.639374692441734,0.5986,0.564,0.5967486392982174,16.96,16.758823529411764,16.016036222596373,12.6,12.882352941176471,11.71622960550236,34.8,32.94117647058823,32.999066572341256,0.558,0.5518823529411765,0.5325083665257571,19.8,18.11764705882353,17.82894706428395,0.462,0.22782352941176473,0.458250257319251,7.0,2.9411764705882355,7.102844906584175
2020-02-09,"Levien Gym, New York, New York",Princeton,Columbia,Away,51.7,15,1.9,1,110.4,75.0,21,0.604,53,0.547,29,0.34,18,0.944,17,9,200,120.9,30.4,7,15,81,9.0,6,0.358,19,0.316,6,54.9,28,0.658,15.3,11,34,0.676,23,0.526,10,50.68,50.327777777777776,48.345038165237575,13.6,13.166666666666666,12.453020498355732,7.8,5.894444444444444,5.469650279131211,2.8,2.1666666666666665,1.9614162481736996,86.86,101.94999999999999,94.62562418013985,83.96000000000001,79.03888888888889,82.52262804484769,24.2,22.944444444444443,23.310103968197723,0.5794,0.54,0.5610281529534697,53.8,56.111111111111114,53.16873608871008,0.49400000000000005,0.46677777777777774,0.4796181944342134,26.6,26.11111111111111,25.538004594279478,0.22820000000000001,0.29500000000000004,0.27054493088257914,12.2,16.444444444444443,14.326205899244531,0.5648,0.6559444444444444,0.6027326203622649,7.2,11.333333333333334,9.00808348058226,8.2,6.222222222222222,8.266799980731015,200.0,201.38888888888889,200.3251536859219,106.1,104.0,103.12509804018137,25.72,26.205555555555556,22.284691351984748,7.2,7.722222222222222,6.4494791600967725,13.4,16.333333333333332,14.855558467895078,69.6,71.72222222222223,68.73613255389806,10.68,9.088888888888889,10.200648191066634,7.0,6.277777777777778,6.799808971899781,0.409,0.4186666666666667,0.41154429801207554,22.0,23.444444444444443,21.836025040482568,0.4162,0.34705555555555556,0.3910412967497959,9.2,8.166666666666666,8.652039884756846,54.120000000000005,52.16111111111111,51.23520093977271,31.4,30.666666666666668,29.75958312829449,0.5833999999999999,0.5618333333333333,0.5728324261988116,18.1,17.022222222222222,17.844024148397583,13.4,13.055555555555555,13.144153070334907,31.8,32.666666666666664,31.332711048227505,0.5396,0.5509999999999999,0.5336722443505048,17.4,17.944444444444443,16.885964709522632,0.485,0.24294444444444446,0.472166838212834,7.8,3.2777777777777777,7.735229937722784
2020-02-14,"Jadwin Gymnasium, Princeton, New Jersey",Yale,Princeton,Away,42.1,8,2.6,1,125.7,65.0,13,0.449,49,0.388,19,0.469,23,0.87,20,10,200,91.4,15.6,5,18,64,11.4,8,0.388,19,0.316,6,34.6,18,0.534,18.0,13,30,0.433,13,0.5,10,50.17999999999999,50.4,49.463358776825054,14.0,13.263157894736842,13.30201366557049,5.76,5.684210526315789,4.2797668527541415,2.2,2.1052631578947367,1.6409441654491332,91.1,102.39473684210526,99.88374945342657,82.96000000000001,78.82631578947368,80.0150853632318,23.6,22.842105263157894,22.540069312131816,0.5965999999999999,0.5433684210526316,0.5753521019689798,53.0,55.94736842105263,53.11249072580672,0.5192,0.471,0.5020787962894757,27.6,26.263157894736842,26.69200306285299,0.2646,0.2973684210526316,0.2936966205883861,14.0,16.526315789473685,15.55080393282969,0.6648,0.6711052631578948,0.7164884135748433,9.8,11.631578947368421,11.672055653721507,8.4,6.368421052631579,8.511199987154011,200.0,201.31578947368422,200.21676912394793,110.9,104.88947368421053,109.05006536012093,26.339999999999996,26.426315789473687,24.9897942346565,6.8,7.684210526315789,6.632986106731182,13.8,16.263157894736842,14.903705645263386,73.2,72.21052631578948,72.82408836926538,10.32,9.08421052631579,9.800432127377757,6.8,6.2631578947368425,6.533205981266521,0.3894,0.41547368421052633,0.39369619867471706,20.6,23.210526315789473,20.890683360321713,0.39479999999999993,0.3454210526315789,0.36602753116653064,8.2,8.052631578947368,7.7680265898378975,54.620000000000005,52.30526315789474,52.45680062651514,30.4,30.526315789473685,29.173055418862994,0.6122,0.5668947368421053,0.6012216174658744,17.419999999999998,16.931578947368422,16.996016098931722,12.8,12.947368421052632,12.429435380223271,32.4,32.73684210526316,32.221807365485006,0.591,0.5575789473684211,0.5811148295670032,19.4,18.210526315789473,18.923976473015088,0.5044000000000001,0.2578421052631579,0.49011122547522273,8.6,3.6315789473684212,8.49015329181519
2020-02-15,"Jadwin Gymnasium, Princeton, New Jersey",Brown,Princeton,Home,60.7,17,10.3,4,79.4,68.8,22,0.594,53,0.528,28,0.208,11,0.909,10,10,200,107.4,17.4,4,16,73,13.2,9,0.415,22,0.318,7,47.3,26,0.627,16.0,11,31,0.677,21,0.524,11,47.42,49.985,47.0089058512167,11.8,13.0,11.534675777046994,4.220000000000001,5.529999999999999,3.7198445685027615,1.6,2.05,1.4272961102994222,104.35999999999999,103.55999999999999,108.48916630228439,78.82000000000001,78.135,75.01005690882121,20.2,22.35,19.36004620808788,0.5482,0.53865,0.5332347346459866,51.8,55.6,51.74166048387116,0.4732,0.46685,0.4640525308596505,24.6,25.9,24.128002041901993,0.30379999999999996,0.30595,0.3521310803922574,15.6,16.85,18.033869288553127,0.6921999999999999,0.68105,0.767658942383229,11.6,12.05,14.448037102481006,8.8,6.55,9.007466658102675,200.0,201.25,200.14451274929863,103.96000000000001,104.215,103.16671024008063,19.02,25.885,21.859862823104336,5.4,7.55,6.088657404487455,15.0,16.35,15.935803763508925,68.6,71.8,69.88272557951026,10.28,9.2,10.333621418251838,6.8,6.35,7.022137320844347,0.3942,0.4141,0.3917974657831448,20.4,23.0,20.26045557354781,0.378,0.34395000000000003,0.3493516874443538,7.8,7.95,7.178684393225265,47.06,51.42,46.504533751010094,25.6,29.9,25.448703612575333,0.579,0.56525,0.5788144116439163,16.119999999999997,16.985,17.330677399287815,11.4,12.95,12.619623586815514,31.4,32.6,31.48120491032334,0.529,0.55135,0.5317432197113354,16.8,17.95,16.949317648676725,0.5109999999999999,0.26995,0.4934074836501485,9.2,3.95,8.993435527876795
2020-02-21,"Lavietes Pavilion, Boston, Massachusetts",Princeton,Harvard,Home,33.3,7,0.0,0,89.7,75.0,24,0.402,61,0.344,21,0.279,17,0.647,11,11,200,88.2,26.5,9,15,60,14.7,10,0.41,25,0.28,7,50.0,33,0.434,10.5,8,36,0.389,14,0.5,11,50.28,50.4952380952381,51.57260390081114,12.6,13.19047619047619,13.35645051803133,4.779999999999999,5.757142857142857,5.913229712335175,1.8,2.142857142857143,2.2848640735329484,105.82000000000001,102.4095238095238,98.79277753485627,74.72,77.69047619047619,72.94003793921414,19.6,22.333333333333332,20.24003080539192,0.5482,0.5412857142857144,0.5534898230973244,51.8,55.476190476190474,52.16110698924744,0.4732,0.46976190476190477,0.4853683539064337,24.6,26.0,25.418668027934665,0.3228,0.30128571428571427,0.3040873869281716,16.6,16.571428571428573,15.689246192368753,0.774,0.6919047619047619,0.8147726282554861,13.0,11.952380952380953,12.965358068320672,9.2,6.714285714285714,9.338311105401784,200.0,201.1904761904762,200.09634183286576,103.8,104.36666666666666,104.57780682672043,20.2,25.48095238095238,20.373241882069557,5.6,7.380952380952381,5.392438269658303,15.8,16.333333333333332,15.957202509005953,70.0,71.85714285714286,70.92181705300685,10.62,9.390476190476189,11.289080945501226,7.2,6.476190476190476,7.681424880562899,0.40919999999999995,0.4141428571428572,0.3995316438554299,21.2,22.952380952380953,20.84030371569854,0.3638,0.3427142857142857,0.33890112496290253,7.8,7.904761904761905,7.119122928816844,46.14,51.22380952380953,46.76968916734006,25.2,29.714285714285715,25.632469075050224,0.5862,0.5681904761904762,0.5948762744292776,16.8,16.938095238095237,16.887118266191877,12.0,12.857142857142858,12.07974905787701,30.6,32.523809523809526,31.320803273548893,0.5444,0.5573333333333333,0.5801621464742237,16.8,18.095238095238095,18.299545099117818,0.5157999999999999,0.28204761904761905,0.5036049891000991,9.8,4.285714285714286,9.662290351917864
2020-02-22,"Leede Arena, Hanover, New Hampshire",Princeton,Dartmouth,Away,58.3,14,4.3,2,101.6,86.7,26,0.557,53,0.453,24,0.151,8,0.75,6,11,200,106.6,8.3,2,11,65,4.9,3,0.528,28,0.393,11,51.9,28,0.572,11.0,7,25,0.52,13,0.522,12,45.74,49.71363636363637,45.48173593387409,11.2,12.909090909090908,11.237633678687555,2.96,5.495454545454546,3.942153141556784,1.2,2.0454545454545454,1.5232427156886323,102.2,101.83181818181819,95.76185168990418,73.06,77.56818181818181,73.62669195947609,20.4,22.40909090909091,21.49335387026128,0.5098,0.5349545454545455,0.5029932153982164,53.4,55.72727272727273,55.1074046594983,0.4476,0.46404545454545454,0.4382455692709558,23.8,25.772727272727273,23.945778685289778,0.3258,0.30027272727272725,0.2957249246187811,17.2,16.59090909090909,16.126164128245836,0.8034000000000001,0.6898636363636363,0.7588484188369908,13.8,11.909090909090908,12.310238712213781,9.8,6.909090909090909,9.89220740360119,200.0,201.13636363636363,200.0642278885772,99.56,103.63181818181819,99.1185378844803,21.740000000000002,25.527272727272727,22.41549458804637,6.2,7.454545454545454,6.594958846438869,16.4,16.272727272727273,15.638135006003969,68.0,71.31818181818181,67.28121136867124,11.68,9.631818181818183,12.426053963667485,8.0,6.636363636363637,8.4542832537086,0.4044,0.4139545454545454,0.40302109590361995,21.6,23.045454545454547,22.22686914379903,0.3068,0.33986363636363637,0.31926741664193503,6.6,7.863636363636363,7.0794152858778965,46.86,51.16818181818182,47.84645944489338,26.6,29.863636363636363,28.088312716700152,0.5556,0.5620909090909091,0.5412508496195184,16.259999999999998,16.645454545454545,14.758078844127919,11.8,12.636363636363637,10.71983270525134,31.8,32.68181818181818,32.880535515699265,0.5422,0.5496818181818182,0.5164414309828158,17.2,17.90909090909091,16.86636339941188,0.51,0.29195454545454547,0.5024033260667328,10.2,4.590909090909091,10.108193567945243
2020-02-28,"Pizzitola Sports Center, Providence, Rhode Island",Princeton,Brown,Away,56.0,14,14.3,5,73.1,86.1,31,0.565,54,0.463,25,0.204,11,0.909,10,11,200,106.0,18.5,5,16,71,9.0,6,0.519,28,0.393,11,57.1,36,0.599,16.9,12,26,0.538,14,0.542,13,49.22,50.08695652173913,49.75449062258273,12.2,12.956521739130435,12.158422452458371,3.8200000000000003,5.443478260869566,4.061435427704523,1.6,2.0434782608695654,1.6821618104590885,101.36,101.82173913043479,97.70790112660279,74.1,77.96521739130435,77.9844613063174,21.2,22.565217391304348,22.995569246840855,0.5212000000000001,0.5359130434782609,0.5209954769321443,53.8,55.608695652173914,54.40493643966553,0.45199999999999996,0.4635652173913044,0.44316371284730394,24.2,25.695652173913043,23.963852456859854,0.2894,0.29378260869565215,0.24748328307918738,15.4,16.217391304347824,13.417442752163891,0.8240000000000001,0.6924782608695652,0.7558989458913273,12.8,11.652173913043478,10.206825808142522,10.2,7.086956521739131,10.261471602400794,200.0,201.08695652173913,200.0428185923848,102.9,103.76086956521739,101.61235858965354,19.64,24.778260869565216,17.71032972536425,5.4,7.217391304347826,5.063305897625914,15.0,16.043478260869566,14.092090004002646,68.6,71.04347826086956,66.52080757911416,10.639999999999999,9.42608695652174,9.917369309111658,7.2,6.478260869565218,6.636188835805734,0.41980000000000006,0.41891304347826086,0.4446807306024133,22.6,23.26086956521739,24.15124609586602,0.3246,0.3421739130434783,0.3438449444279567,7.4,8.0,8.386276857251932,47.74,51.199999999999996,49.197639629928915,26.6,29.782608695652176,28.058875144466768,0.5650000000000001,0.5625217391304348,0.5515005664130124,14.16,16.4,13.50538589608528,10.0,12.391304347826088,9.47988847016756,31.2,32.34782608695652,30.253690343799512,0.539,0.548391304347826,0.5176276206552106,16.8,17.695652173913043,15.577575599607922,0.5144,0.30195652173913046,0.5089355507111553,10.8,4.913043478260869,10.738795711963496
2020-02-29,"John J. Lee Ampitheater, New Haven, Connecticut",Princeton,Yale,Home,54.2,13,3.1,1,98.5,81.5,22,0.509,58,0.414,24,0.086,5,0.8,4,12,200,94.0,13.3,4,11,63,14.9,10,0.517,30,0.367,11,45.6,26,0.522,15.4,11,28,0.464,13,0.52,13,50.08,50.333333333333336,51.83632708172182,12.0,13.0,12.772281634972249,6.300000000000001,5.8125,7.474290285136348,2.4,2.1666666666666665,2.788107873639392,93.9,100.625,89.5052674177352,76.32000000000001,78.30416666666666,80.68964087087826,23.2,22.916666666666668,25.663712831227237,0.5134000000000001,0.537125,0.5356636512880962,54.0,55.541666666666664,54.26995762644369,0.43520000000000003,0.4635416666666667,0.4497758085648693,23.4,25.666666666666668,24.309234971239903,0.2622,0.2900416666666667,0.2329888553861249,14.0,16.0,12.611628501442596,0.817,0.7014999999999999,0.8069326305942184,11.4,11.583333333333334,10.137883872095015,10.6,7.25,10.507647734933864,200.0,201.04166666666666,200.02854572825655,99.92,103.85416666666667,103.0749057264357,17.259999999999998,24.516666666666666,17.973553150242836,5.0,7.125,5.04220393175061,15.2,16.041666666666668,14.728060002668432,66.6,71.04166666666667,68.01387171940945,10.639999999999999,9.408333333333333,9.611579539407773,7.2,6.458333333333333,6.424125890537156,0.45200000000000007,0.4230833333333333,0.4694538204016089,24.4,23.458333333333332,25.434164063910682,0.33999999999999997,0.34429166666666666,0.3602299629519712,8.4,8.125,9.257517904834621,48.18,51.44583333333333,51.831759753285944,28.2,30.041666666666668,30.705916762977846,0.5532,0.5640416666666667,0.5673337109420082,14.48,16.420833333333334,14.63692393072352,10.2,12.375,10.319925646778374,29.6,32.083333333333336,28.835793562533013,0.5114,0.5479583333333333,0.5244184137701404,15.0,17.541666666666668,15.051717066405281,0.5176000000000001,0.31195833333333334,0.5199570338074369,11.4,5.25,11.492530474642331
2020-03-06,"Jadwin Gymnasium, Princeton, New Jersey",Columbia,Princeton,Home,79.3,23,7.0,3,84.1,87.8,36,0.629,58,0.5,29,0.207,12,0.667,8,12,200,117.4,10.3,3,15,81,4.3,3,0.621,36,0.417,15,55.7,39,0.636,12.5,9,22,0.636,14,0.538,14,52.5,50.488,52.62421805448122,13.0,13.0,12.848187756648166,6.4,5.704,6.016193523424232,2.4,2.12,2.192071915759595,88.46,100.54,92.50351161182347,79.62,78.432,80.95976058058551,25.0,22.88,24.44247522081816,0.5254,0.536,0.5267757675253976,55.8,55.64,55.513305084295794,0.4404,0.46155999999999997,0.4378505390432462,24.4,25.6,24.20615664749327,0.1856,0.28187999999999996,0.18399257025741664,10.4,15.56,10.074419000961731,0.8030000000000002,0.70544,0.8046217537294791,8.2,11.28,8.091922581396679,11.0,7.44,11.005098489955909,200.0,201.0,200.01903048550437,100.44000000000001,103.46,100.04993715095713,16.8,24.068,16.415702100161894,4.8,7.0,4.6948026211670735,13.8,15.84,13.485373335112289,66.4,70.72,66.34258114627298,11.34,9.628,11.374386359605182,7.6,6.6,7.616083927024771,0.47780000000000006,0.42684,0.48530254693440594,26.6,23.72,26.956109375940457,0.3502,0.3452,0.3624866419679808,9.4,8.24,9.838345269889748,50.38,51.211999999999996,49.75450650219064,29.8,29.88,29.13727784198523,0.5508,0.56236,0.5522224739613388,13.959999999999999,16.38,14.891282620482349,9.8,12.32,10.54661709785225,29.2,31.92,28.557195708355344,0.5176000000000001,0.5446,0.504278942513427,15.0,17.36,14.367811377603523,0.5216000000000001,0.32028,0.5199713558716246,12.0,5.56,11.99502031642822
2020-03-07,"Jadwin Gymnasium, Princeton, New Jersey",Cornell,Princeton,Away,57.7,15,8.3,3,123.2,90.0,18,0.635,52,0.5,26,0.308,16,1.0,16,13,200,118.8,25.0,6,13,82,7.2,5,0.577,30,0.467,14,54.5,24,0.688,19.2,14,22,0.545,12,0.519,14,56.220000000000006,51.59615384615385,61.51614536965415,14.2,13.384615384615385,16.23212517109878,5.74,5.753846153846154,6.344129015616155,2.2,2.1538461538461537,2.4613812771730634,89.4,99.9076923076923,89.70234107454898,83.41999999999999,78.79230769230769,83.23984038705701,27.8,23.384615384615383,28.294983480545444,0.5324,0.5395769230769231,0.5608505116835985,56.8,55.73076923076923,56.34220338953054,0.4348000000000001,0.4630384615384615,0.4585670260288308,24.6,25.73076923076923,25.804104431662182,0.1854,0.279,0.19166171350494443,10.6,15.423076923076923,10.716279333974487,0.7546,0.7039615384615385,0.7587478358196529,7.8,11.153846153846153,8.06128172093112,11.4,7.615384615384615,11.336732326637273,200.0,200.96153846153845,200.01268699033625,102.44000000000001,103.99615384615385,105.83329143397143,15.38,23.53846153846154,14.377134733441265,4.6,6.846153846153846,4.129868414111383,13.6,15.807692307692308,13.990248890074861,68.0,71.11538461538461,71.22838743084866,9.559999999999999,9.423076923076923,9.016257573070122,6.4,6.461538461538462,6.077389284683181,0.5189999999999999,0.4343076923076923,0.530535031289604,29.4,24.192307692307693,29.970739583960306,0.37,0.3479615384615385,0.38065776131198725,11.0,8.5,11.558896846593166,52.06,51.38461538461539,51.73633766812709,32.4,30.23076923076923,32.424851894656825,0.5526,0.5651923076923077,0.5801483159742259,13.26,16.23076923076923,14.0941884136549,9.4,12.192307692307692,10.031078065234833,27.4,31.53846153846154,26.37146380557023,0.5094000000000001,0.5481153846153847,0.5481859616756181,13.6,17.23076923076923,14.245207585069016,0.5244000000000001,0.32865384615384613,0.5259809039144164,12.6,5.884615384615385,12.663346877618814
